-- phpMyAdmin SQL Dump
-- version 3.5.1
-- http://www.phpmyadmin.net
--
-- Host: localhost
-- Generation Time: Sep 09, 2012 at 07:23 PM
-- Server version: 5.1.63-0ubuntu0.11.04.1
-- PHP Version: 5.3.5-1ubuntu7.10

SET SQL_MODE="NO_AUTO_VALUE_ON_ZERO";
SET time_zone = "+00:00";


/*!40101 SET @OLD_CHARACTER_SET_CLIENT=@@CHARACTER_SET_CLIENT */;
/*!40101 SET @OLD_CHARACTER_SET_RESULTS=@@CHARACTER_SET_RESULTS */;
/*!40101 SET @OLD_COLLATION_CONNECTION=@@COLLATION_CONNECTION */;
/*!40101 SET NAMES utf8 */;

--
-- Database: `tournament_system`
--

-- --------------------------------------------------------

--
-- Table structure for table `GAME`
--

CREATE TABLE IF NOT EXISTS `GAME` (
  `ID` int(11) NOT NULL AUTO_INCREMENT,
  `PLAYER_RESULT_ID` int(11) NOT NULL,
  `OPPONENT_ID` int(11) NOT NULL,
  `RESULT_ID` int(11) NOT NULL,
  PRIMARY KEY (`ID`),
  KEY `VYSLEDKYHRACA_HRACA_ID` (`PLAYER_RESULT_ID`),
  KEY `RESULT_ID` (`RESULT_ID`),
  KEY `OPPONENT_ID` (`OPPONENT_ID`)
) ENGINE=InnoDB  DEFAULT CHARSET=latin1 AUTO_INCREMENT=4154 ;

--
-- Dumping data for table `GAME`
--

INSERT INTO `GAME` (`ID`, `PLAYER_RESULT_ID`, `OPPONENT_ID`, `RESULT_ID`) VALUES
(3700, 796, 797, 1),
(3701, 796, 798, 2),
(3702, 796, 799, 3),
(3703, 796, 800, 4),
(3704, 796, 801, 5),
(3705, 796, 802, 6),
(3706, 796, 803, 7),
(3707, 797, 796, 8),
(3708, 797, 798, 9),
(3709, 797, 799, 10),
(3710, 797, 800, 11),
(3711, 797, 801, 12),
(3712, 797, 802, 13),
(3713, 797, 803, 14),
(3714, 798, 796, 15),
(3715, 798, 797, 16),
(3716, 798, 799, 17),
(3717, 798, 800, 18),
(3718, 798, 801, 19),
(3719, 798, 802, 20),
(3720, 798, 803, 21),
(3721, 799, 796, 22),
(3722, 799, 797, 23),
(3723, 799, 798, 24),
(3724, 799, 800, 25),
(3725, 799, 801, 26),
(3726, 799, 802, 27),
(3727, 799, 803, 28),
(3728, 800, 796, 29),
(3729, 800, 797, 30),
(3730, 800, 798, 31),
(3731, 800, 799, 32),
(3732, 800, 801, 33),
(3733, 800, 802, 34),
(3734, 800, 803, 35),
(3735, 801, 796, 36),
(3736, 801, 797, 37),
(3737, 801, 798, 38),
(3738, 801, 799, 39),
(3739, 801, 800, 40),
(3740, 801, 802, 41),
(3741, 801, 803, 42),
(3742, 802, 796, 43),
(3743, 802, 797, 44),
(3744, 802, 798, 45),
(3745, 802, 799, 46),
(3746, 802, 800, 47),
(3747, 802, 801, 48),
(3748, 802, 803, 49),
(3749, 803, 796, 50),
(3750, 803, 797, 51),
(3751, 803, 798, 52),
(3752, 803, 799, 53),
(3753, 803, 800, 54),
(3754, 803, 801, 55),
(3755, 803, 802, 56),
(3756, 804, 805, 57),
(3757, 804, 806, 58),
(3758, 804, 807, 59),
(3759, 804, 808, 60),
(3760, 804, 809, 61),
(3761, 804, 810, 62),
(3762, 804, 811, 63),
(3763, 805, 804, 64),
(3764, 805, 806, 65),
(3765, 805, 807, 66),
(3766, 805, 808, 67),
(3767, 805, 809, 68),
(3768, 805, 810, 69),
(3769, 805, 811, 70),
(3770, 806, 804, 71),
(3771, 806, 805, 72),
(3772, 806, 807, 73),
(3773, 806, 808, 74),
(3774, 806, 809, 75),
(3775, 806, 810, 76),
(3776, 806, 811, 77),
(3777, 807, 804, 78),
(3778, 807, 805, 79),
(3779, 807, 806, 80),
(3780, 807, 808, 81),
(3781, 807, 809, 82),
(3782, 807, 810, 83),
(3783, 807, 811, 84),
(3784, 808, 804, 85),
(3785, 808, 805, 86),
(3786, 808, 806, 87),
(3787, 808, 807, 88),
(3788, 808, 809, 89),
(3789, 808, 810, 90),
(3790, 808, 811, 91),
(3791, 809, 804, 92),
(3792, 809, 805, 93),
(3793, 809, 806, 94),
(3794, 809, 807, 95),
(3795, 809, 808, 96),
(3796, 809, 810, 97),
(3797, 809, 811, 98),
(3798, 810, 804, 99),
(3799, 810, 805, 100),
(3800, 810, 806, 101),
(3801, 810, 807, 102),
(3802, 810, 808, 103),
(3803, 810, 809, 104),
(3804, 810, 811, 105),
(3805, 811, 804, 106),
(3806, 811, 805, 107),
(3807, 811, 806, 108),
(3808, 811, 807, 109),
(3809, 811, 808, 110),
(3810, 811, 809, 111),
(3811, 811, 810, 112),
(4028, 824, 831, 329),
(4029, 831, 824, 330),
(4030, 824, 831, 331),
(4031, 831, 824, 332),
(4032, 824, 831, 333),
(4033, 831, 824, 334),
(4034, 824, 831, 335),
(4035, 831, 824, 336),
(4036, 824, 831, 337),
(4037, 831, 824, 338),
(4038, 824, 831, 339),
(4039, 831, 824, 340),
(4040, 824, 831, 341),
(4041, 831, 824, 342),
(4042, 824, 831, 343),
(4043, 831, 824, 344),
(4044, 824, 831, 345),
(4045, 831, 824, 346),
(4046, 825, 830, 347),
(4047, 830, 825, 348),
(4048, 825, 830, 349),
(4049, 830, 825, 350),
(4050, 825, 830, 351),
(4051, 830, 825, 352),
(4052, 825, 830, 353),
(4053, 830, 825, 354),
(4054, 825, 830, 355),
(4055, 830, 825, 356),
(4056, 825, 830, 357),
(4057, 830, 825, 358),
(4058, 825, 830, 359),
(4059, 830, 825, 360),
(4060, 825, 830, 361),
(4061, 830, 825, 362),
(4062, 825, 830, 363),
(4063, 830, 825, 364),
(4064, 826, 829, 365),
(4065, 829, 826, 366),
(4066, 826, 829, 367),
(4067, 829, 826, 368),
(4068, 826, 829, 369),
(4069, 829, 826, 370),
(4070, 826, 829, 371),
(4071, 829, 826, 372),
(4072, 826, 829, 373),
(4073, 829, 826, 374),
(4074, 826, 829, 375),
(4075, 829, 826, 376),
(4076, 826, 829, 377),
(4077, 829, 826, 378),
(4078, 826, 829, 379),
(4079, 829, 826, 380),
(4080, 826, 829, 381),
(4081, 829, 826, 382),
(4082, 827, 828, 383),
(4083, 828, 827, 384),
(4084, 827, 828, 385),
(4085, 828, 827, 386),
(4086, 827, 828, 387),
(4087, 828, 827, 388),
(4088, 827, 828, 389),
(4089, 828, 827, 390),
(4090, 827, 828, 391),
(4091, 828, 827, 392),
(4092, 827, 828, 393),
(4093, 828, 827, 394),
(4094, 827, 828, 395),
(4095, 828, 827, 396),
(4096, 827, 828, 397),
(4097, 828, 827, 398),
(4098, 827, 828, 399),
(4099, 828, 827, 400),
(4100, 824, 828, 401),
(4101, 828, 824, 402),
(4102, 824, 828, 403),
(4103, 828, 824, 404),
(4104, 824, 828, 405),
(4105, 828, 824, 406),
(4106, 824, 828, 407),
(4107, 828, 824, 408),
(4108, 824, 828, 409),
(4109, 828, 824, 410),
(4110, 824, 828, 411),
(4111, 828, 824, 412),
(4112, 824, 828, 413),
(4113, 828, 824, 414),
(4114, 824, 828, 415),
(4115, 828, 824, 416),
(4116, 824, 828, 417),
(4117, 828, 824, 418),
(4118, 825, 826, 419),
(4119, 826, 825, 420),
(4120, 825, 826, 421),
(4121, 826, 825, 422),
(4122, 825, 826, 423),
(4123, 826, 825, 424),
(4124, 825, 826, 425),
(4125, 826, 825, 426),
(4126, 825, 826, 427),
(4127, 826, 825, 428),
(4128, 825, 826, 429),
(4129, 826, 825, 430),
(4130, 825, 826, 431),
(4131, 826, 825, 432),
(4132, 825, 826, 433),
(4133, 826, 825, 434),
(4134, 825, 826, 435),
(4135, 826, 825, 436),
(4136, 824, 825, 437),
(4137, 825, 824, 438),
(4138, 824, 825, 439),
(4139, 825, 824, 440),
(4140, 824, 825, 441),
(4141, 825, 824, 442),
(4142, 824, 825, 443),
(4143, 825, 824, 444),
(4144, 824, 825, 445),
(4145, 825, 824, 446),
(4146, 824, 825, 447),
(4147, 825, 824, 448),
(4148, 824, 825, 449),
(4149, 825, 824, 450),
(4150, 824, 825, 451),
(4151, 825, 824, 452),
(4152, 824, 825, 453),
(4153, 825, 824, 454);

-- --------------------------------------------------------

--
-- Table structure for table `PLAYER`
--

CREATE TABLE IF NOT EXISTS `PLAYER` (
  `ID` int(11) NOT NULL AUTO_INCREMENT,
  `NAME` varchar(255) NOT NULL,
  `SURNAME` varchar(255) NOT NULL,
  `CLUB` varchar(255) DEFAULT NULL,
  PRIMARY KEY (`ID`)
) ENGINE=InnoDB  DEFAULT CHARSET=latin1 AUTO_INCREMENT=33 ;

--
-- Dumping data for table `PLAYER`
--

INSERT INTO `PLAYER` (`ID`, `NAME`, `SURNAME`, `CLUB`) VALUES
(5, 'Karol', 'Hudec', 'THC Blue Dragon'),
(6, 'Imrich', 'Blasko', 'THC Blue Dragon'),
(7, 'Jaro', 'Petrek', 'THC Blue Dragon'),
(8, 'Tomas', 'Zamutovsky', 'THC Blue Dragon'),
(9, 'Miso', 'Pancak', 'THC Blue Dragon'),
(10, 'Pista', 'Barna', 'THC Blue Dragon'),
(12, '2', '2', NULL),
(13, '3', '3', NULL),
(14, '4', '4', NULL),
(15, '5', '5', NULL),
(16, '6', '6', NULL),
(17, '7', '7', NULL),
(18, '8', '8', NULL),
(19, '9', '9', NULL),
(20, '1', '1', NULL),
(21, '11', '11', NULL),
(22, '22', '22', NULL),
(23, '33', '33', NULL),
(24, '44', '44', NULL),
(25, '55', '55', NULL),
(26, '66', '66', NULL),
(27, '77', '77', NULL),
(28, '88', '88', NULL),
(29, '99', '99', NULL),
(30, 'Daniel', 'Mitro', 'THC Blue Dragon'),
(31, 'Miro', 'Macej', NULL),
(32, 'Lukas', 'Sabac', NULL);

-- --------------------------------------------------------

--
-- Table structure for table `PLAYER_RESULT`
--

CREATE TABLE IF NOT EXISTS `PLAYER_RESULT` (
  `ID` int(11) NOT NULL AUTO_INCREMENT,
  `POINTS` int(11) DEFAULT NULL,
  `RANK` int(11) DEFAULT NULL,
  `TOURNAMENT_TABLE_ID` int(11) NOT NULL,
  `PLAYER_ID` int(11) NOT NULL,
  `SCORE` varchar(10) NOT NULL,
  PRIMARY KEY (`ID`),
  KEY `PLAYER_ID` (`PLAYER_ID`),
  KEY `TOURNAMENT_TABLE_ID` (`TOURNAMENT_TABLE_ID`)
) ENGINE=InnoDB  DEFAULT CHARSET=latin1 AUTO_INCREMENT=832 ;

--
-- Dumping data for table `PLAYER_RESULT`
--

INSERT INTO `PLAYER_RESULT` (`ID`, `POINTS`, `RANK`, `TOURNAMENT_TABLE_ID`, `PLAYER_ID`, `SCORE`) VALUES
(796, 13, 1, 170, 30, '30:14'),
(797, 10, 2, 170, 8, '35:22'),
(798, 8, 3, 170, 5, '24:20'),
(799, 7, 4, 170, 31, '30:35'),
(800, 6, 5, 170, 7, '19:22'),
(801, 5, 6, 170, 9, '19:30'),
(802, 4, 7, 170, 10, '20:23'),
(803, 3, 8, 170, 32, '15:26'),
(804, 13, 1, 171, 30, '30:14'),
(805, 10, 2, 171, 8, '35:22'),
(806, 8, 3, 171, 5, '24:20'),
(807, 7, 4, 171, 31, '30:35'),
(808, 6, 5, 171, 7, '19:22'),
(809, 5, 6, 171, 9, '19:30'),
(810, 4, 7, 171, 10, '20:23'),
(811, 3, 8, 171, 32, '15:26'),
(824, 0, NULL, 173, 30, '0:0'),
(825, 0, NULL, 173, 8, '0:0'),
(826, 0, NULL, 173, 5, '0:0'),
(827, 0, NULL, 173, 31, '0:0'),
(828, 0, NULL, 173, 7, '0:0'),
(829, 0, NULL, 173, 9, '0:0'),
(830, 0, NULL, 173, 10, '0:0'),
(831, 0, NULL, 173, 32, '0:0');

-- --------------------------------------------------------

--
-- Table structure for table `RESULT`
--

CREATE TABLE IF NOT EXISTS `RESULT` (
  `ID` int(11) NOT NULL AUTO_INCREMENT,
  `LEFT_SIDE` int(11) DEFAULT NULL,
  `RIGHT_SIDE` int(11) DEFAULT NULL,
  `OVERTIME` tinyint(1) DEFAULT '0',
  PRIMARY KEY (`ID`)
) ENGINE=InnoDB  DEFAULT CHARSET=latin1 AUTO_INCREMENT=455 ;

--
-- Dumping data for table `RESULT`
--

INSERT INTO `RESULT` (`ID`, `LEFT_SIDE`, `RIGHT_SIDE`, `OVERTIME`) VALUES
(1, 4, 3, NULL),
(2, 3, 3, NULL),
(3, 5, 2, NULL),
(4, 4, 1, NULL),
(5, 6, 1, NULL),
(6, 5, 3, NULL),
(7, 3, 1, NULL),
(8, 3, 4, NULL),
(9, 6, 3, NULL),
(10, 11, 5, NULL),
(11, 4, 4, NULL),
(12, 5, 2, NULL),
(13, 2, 2, NULL),
(14, 4, 2, NULL),
(15, 3, 3, NULL),
(16, 3, 6, NULL),
(17, 7, 3, NULL),
(18, 4, 2, NULL),
(19, 1, 2, NULL),
(20, 4, 2, NULL),
(21, 2, 2, NULL),
(22, 2, 5, NULL),
(23, 5, 11, NULL),
(24, 3, 7, NULL),
(25, 5, 5, NULL),
(26, 5, 1, NULL),
(27, 5, 3, NULL),
(28, 5, 3, NULL),
(29, 1, 4, NULL),
(30, 4, 4, NULL),
(31, 2, 4, NULL),
(32, 5, 5, NULL),
(33, 2, 3, NULL),
(34, 2, 1, NULL),
(35, 3, 1, NULL),
(36, 1, 6, NULL),
(37, 2, 5, NULL),
(38, 2, 1, NULL),
(39, 1, 5, NULL),
(40, 3, 2, NULL),
(41, 5, 5, NULL),
(42, 5, 6, NULL),
(43, 3, 5, NULL),
(44, 2, 2, NULL),
(45, 2, 4, NULL),
(46, 3, 5, NULL),
(47, 1, 2, NULL),
(48, 5, 5, NULL),
(49, 4, 0, NULL),
(50, 1, 3, NULL),
(51, 2, 4, NULL),
(52, 2, 2, NULL),
(53, 3, 5, NULL),
(54, 1, 3, NULL),
(55, 6, 5, NULL),
(56, 0, 4, NULL),
(57, 4, 3, NULL),
(58, 3, 3, NULL),
(59, 5, 2, NULL),
(60, 4, 1, NULL),
(61, 6, 1, NULL),
(62, 5, 3, NULL),
(63, 3, 1, NULL),
(64, 3, 4, NULL),
(65, 6, 3, NULL),
(66, 11, 5, NULL),
(67, 4, 4, NULL),
(68, 5, 2, NULL),
(69, 2, 2, NULL),
(70, 4, 2, NULL),
(71, 3, 3, NULL),
(72, 3, 6, NULL),
(73, 7, 3, NULL),
(74, 4, 2, NULL),
(75, 1, 2, NULL),
(76, 4, 2, NULL),
(77, 2, 2, NULL),
(78, 2, 5, NULL),
(79, 5, 11, NULL),
(80, 3, 7, NULL),
(81, 5, 5, NULL),
(82, 5, 1, NULL),
(83, 5, 3, NULL),
(84, 5, 3, NULL),
(85, 1, 4, NULL),
(86, 4, 4, NULL),
(87, 2, 4, NULL),
(88, 5, 5, NULL),
(89, 2, 3, NULL),
(90, 2, 1, NULL),
(91, 3, 1, NULL),
(92, 1, 6, NULL),
(93, 2, 5, NULL),
(94, 2, 1, NULL),
(95, 1, 5, NULL),
(96, 3, 2, NULL),
(97, 5, 5, NULL),
(98, 5, 6, NULL),
(99, 3, 5, NULL),
(100, 2, 2, NULL),
(101, 2, 4, NULL),
(102, 3, 5, NULL),
(103, 1, 2, NULL),
(104, 5, 5, NULL),
(105, 4, 0, NULL),
(106, 1, 3, NULL),
(107, 2, 4, NULL),
(108, 2, 2, NULL),
(109, 3, 5, NULL),
(110, 1, 3, NULL),
(111, 6, 5, NULL),
(112, 0, 4, NULL),
(113, NULL, NULL, NULL),
(114, NULL, NULL, NULL),
(115, NULL, NULL, NULL),
(116, NULL, NULL, NULL),
(117, NULL, NULL, NULL),
(118, NULL, NULL, NULL),
(119, NULL, NULL, NULL),
(120, NULL, NULL, NULL),
(121, NULL, NULL, NULL),
(122, NULL, NULL, NULL),
(123, NULL, NULL, NULL),
(124, NULL, NULL, NULL),
(125, NULL, NULL, NULL),
(126, NULL, NULL, NULL),
(127, NULL, NULL, NULL),
(128, NULL, NULL, NULL),
(129, NULL, NULL, NULL),
(130, NULL, NULL, NULL),
(131, NULL, NULL, NULL),
(132, NULL, NULL, NULL),
(133, NULL, NULL, NULL),
(134, NULL, NULL, NULL),
(135, NULL, NULL, NULL),
(136, NULL, NULL, NULL),
(137, NULL, NULL, NULL),
(138, NULL, NULL, NULL),
(139, NULL, NULL, NULL),
(140, NULL, NULL, NULL),
(141, NULL, NULL, NULL),
(142, NULL, NULL, NULL),
(143, NULL, NULL, NULL),
(144, NULL, NULL, NULL),
(145, NULL, NULL, NULL),
(146, NULL, NULL, NULL),
(147, NULL, NULL, NULL),
(148, NULL, NULL, NULL),
(149, 2, 1, NULL),
(150, NULL, NULL, NULL),
(151, 3, 1, NULL),
(152, NULL, NULL, NULL),
(153, NULL, NULL, NULL),
(154, NULL, NULL, NULL),
(155, NULL, NULL, NULL),
(156, NULL, NULL, NULL),
(157, NULL, NULL, NULL),
(158, NULL, NULL, NULL),
(159, NULL, NULL, NULL),
(160, NULL, NULL, NULL),
(161, NULL, NULL, NULL),
(162, NULL, NULL, NULL),
(163, NULL, NULL, NULL),
(164, NULL, NULL, NULL),
(165, NULL, NULL, NULL),
(166, NULL, NULL, NULL),
(167, 7, 5, NULL),
(168, NULL, NULL, NULL),
(169, 9, 5, NULL),
(170, NULL, NULL, NULL),
(171, NULL, NULL, NULL),
(172, NULL, NULL, NULL),
(173, NULL, NULL, NULL),
(174, NULL, NULL, NULL),
(175, NULL, NULL, NULL),
(176, NULL, NULL, NULL),
(177, NULL, NULL, NULL),
(178, NULL, NULL, NULL),
(179, NULL, NULL, NULL),
(180, NULL, NULL, NULL),
(181, NULL, NULL, NULL),
(182, NULL, NULL, NULL),
(183, NULL, NULL, NULL),
(184, NULL, NULL, NULL),
(185, 2, 3, NULL),
(186, NULL, NULL, NULL),
(187, 6, 2, NULL),
(188, NULL, NULL, NULL),
(189, 3, 2, NULL),
(190, NULL, NULL, NULL),
(191, NULL, NULL, NULL),
(192, NULL, NULL, NULL),
(193, NULL, NULL, NULL),
(194, NULL, NULL, NULL),
(195, NULL, NULL, NULL),
(196, NULL, NULL, NULL),
(197, NULL, NULL, NULL),
(198, NULL, NULL, NULL),
(199, NULL, NULL, NULL),
(200, NULL, NULL, NULL),
(201, NULL, NULL, NULL),
(202, NULL, NULL, NULL),
(203, 1, 5, NULL),
(204, NULL, NULL, NULL),
(205, 3, 6, NULL),
(206, NULL, NULL, NULL),
(207, NULL, NULL, NULL),
(208, NULL, NULL, NULL),
(209, NULL, NULL, NULL),
(210, NULL, NULL, NULL),
(211, NULL, NULL, NULL),
(212, NULL, NULL, NULL),
(213, NULL, NULL, NULL),
(214, NULL, NULL, NULL),
(215, NULL, NULL, NULL),
(216, NULL, NULL, NULL),
(217, NULL, NULL, NULL),
(218, NULL, NULL, NULL),
(219, NULL, NULL, NULL),
(220, NULL, NULL, NULL),
(221, NULL, NULL, NULL),
(222, NULL, NULL, NULL),
(223, NULL, NULL, NULL),
(224, NULL, NULL, NULL),
(225, NULL, NULL, NULL),
(226, NULL, NULL, NULL),
(227, NULL, NULL, NULL),
(228, NULL, NULL, NULL),
(229, NULL, NULL, NULL),
(230, NULL, NULL, NULL),
(231, NULL, NULL, NULL),
(232, NULL, NULL, NULL),
(233, NULL, NULL, NULL),
(234, NULL, NULL, NULL),
(235, NULL, NULL, NULL),
(236, NULL, NULL, NULL),
(237, NULL, NULL, NULL),
(238, NULL, NULL, NULL),
(239, NULL, NULL, NULL),
(240, NULL, NULL, NULL),
(241, NULL, NULL, NULL),
(242, NULL, NULL, NULL),
(243, NULL, NULL, NULL),
(244, NULL, NULL, NULL),
(245, NULL, NULL, NULL),
(246, NULL, NULL, NULL),
(247, NULL, NULL, NULL),
(248, NULL, NULL, NULL),
(249, NULL, NULL, NULL),
(250, NULL, NULL, NULL),
(251, NULL, NULL, NULL),
(252, NULL, NULL, NULL),
(253, NULL, NULL, NULL),
(254, NULL, NULL, NULL),
(255, NULL, NULL, NULL),
(256, NULL, NULL, NULL),
(257, NULL, NULL, NULL),
(258, NULL, NULL, NULL),
(259, NULL, NULL, NULL),
(260, NULL, NULL, NULL),
(261, NULL, NULL, NULL),
(262, NULL, NULL, NULL),
(263, NULL, NULL, NULL),
(264, NULL, NULL, NULL),
(265, NULL, NULL, NULL),
(266, NULL, NULL, NULL),
(267, NULL, NULL, NULL),
(268, NULL, NULL, NULL),
(269, NULL, NULL, NULL),
(270, NULL, NULL, NULL),
(271, NULL, NULL, NULL),
(272, NULL, NULL, NULL),
(273, NULL, NULL, NULL),
(274, NULL, NULL, NULL),
(275, NULL, NULL, NULL),
(276, NULL, NULL, NULL),
(277, NULL, NULL, NULL),
(278, NULL, NULL, NULL),
(279, NULL, NULL, NULL),
(280, NULL, NULL, NULL),
(281, NULL, NULL, NULL),
(282, NULL, NULL, NULL),
(283, NULL, NULL, NULL),
(284, NULL, NULL, NULL),
(285, NULL, NULL, NULL),
(286, NULL, NULL, NULL),
(287, NULL, NULL, NULL),
(288, NULL, NULL, NULL),
(289, NULL, NULL, NULL),
(290, NULL, NULL, NULL),
(291, NULL, NULL, NULL),
(292, NULL, NULL, NULL),
(293, NULL, NULL, NULL),
(294, NULL, NULL, NULL),
(295, NULL, NULL, NULL),
(296, NULL, NULL, NULL),
(297, NULL, NULL, NULL),
(298, NULL, NULL, NULL),
(299, NULL, NULL, NULL),
(300, NULL, NULL, NULL),
(301, NULL, NULL, NULL),
(302, NULL, NULL, NULL),
(303, NULL, NULL, NULL),
(304, NULL, NULL, NULL),
(305, NULL, NULL, NULL),
(306, NULL, NULL, NULL),
(307, NULL, NULL, NULL),
(308, NULL, NULL, NULL),
(309, NULL, NULL, NULL),
(310, NULL, NULL, NULL),
(311, NULL, NULL, NULL),
(312, NULL, NULL, NULL),
(313, NULL, NULL, NULL),
(314, NULL, NULL, NULL),
(315, NULL, NULL, NULL),
(316, NULL, NULL, NULL),
(317, NULL, NULL, NULL),
(318, NULL, NULL, NULL),
(319, NULL, NULL, NULL),
(320, NULL, NULL, NULL),
(321, NULL, NULL, NULL),
(322, NULL, NULL, NULL),
(323, NULL, NULL, NULL),
(324, NULL, NULL, NULL),
(325, NULL, NULL, NULL),
(326, NULL, NULL, NULL),
(327, NULL, NULL, NULL),
(328, NULL, NULL, NULL),
(329, 2, 1, NULL),
(330, NULL, NULL, NULL),
(331, 3, 1, NULL),
(332, NULL, NULL, NULL),
(333, NULL, NULL, NULL),
(334, NULL, NULL, NULL),
(335, NULL, NULL, NULL),
(336, NULL, NULL, NULL),
(337, NULL, NULL, NULL),
(338, NULL, NULL, NULL),
(339, NULL, NULL, NULL),
(340, NULL, NULL, NULL),
(341, NULL, NULL, NULL),
(342, NULL, NULL, NULL),
(343, NULL, NULL, NULL),
(344, NULL, NULL, NULL),
(345, NULL, NULL, NULL),
(346, NULL, NULL, NULL),
(347, 7, 5, NULL),
(348, NULL, NULL, NULL),
(349, 9, 5, NULL),
(350, NULL, NULL, NULL),
(351, NULL, NULL, NULL),
(352, NULL, NULL, NULL),
(353, NULL, NULL, NULL),
(354, NULL, NULL, NULL),
(355, NULL, NULL, NULL),
(356, NULL, NULL, NULL),
(357, NULL, NULL, NULL),
(358, NULL, NULL, NULL),
(359, NULL, NULL, NULL),
(360, NULL, NULL, NULL),
(361, NULL, NULL, NULL),
(362, NULL, NULL, NULL),
(363, NULL, NULL, NULL),
(364, NULL, NULL, NULL),
(365, 2, 3, NULL),
(366, NULL, NULL, NULL),
(367, 6, 2, NULL),
(368, NULL, NULL, NULL),
(369, 3, 2, NULL),
(370, NULL, NULL, NULL),
(371, NULL, NULL, NULL),
(372, NULL, NULL, NULL),
(373, NULL, NULL, NULL),
(374, NULL, NULL, NULL),
(375, NULL, NULL, NULL),
(376, NULL, NULL, NULL),
(377, NULL, NULL, NULL),
(378, NULL, NULL, NULL),
(379, NULL, NULL, NULL),
(380, NULL, NULL, NULL),
(381, NULL, NULL, NULL),
(382, NULL, NULL, NULL),
(383, 1, 5, NULL),
(384, NULL, NULL, NULL),
(385, 3, 6, NULL),
(386, NULL, NULL, NULL),
(387, NULL, NULL, NULL),
(388, NULL, NULL, NULL),
(389, NULL, NULL, NULL),
(390, NULL, NULL, NULL),
(391, NULL, NULL, NULL),
(392, NULL, NULL, NULL),
(393, NULL, NULL, NULL),
(394, NULL, NULL, NULL),
(395, NULL, NULL, NULL),
(396, NULL, NULL, NULL),
(397, NULL, NULL, NULL),
(398, NULL, NULL, NULL),
(399, NULL, NULL, NULL),
(400, NULL, NULL, NULL),
(401, 7, 5, NULL),
(402, NULL, NULL, NULL),
(403, 6, 2, NULL),
(404, NULL, NULL, NULL),
(405, NULL, NULL, NULL),
(406, NULL, NULL, NULL),
(407, NULL, NULL, NULL),
(408, NULL, NULL, NULL),
(409, NULL, NULL, NULL),
(410, NULL, NULL, NULL),
(411, NULL, NULL, NULL),
(412, NULL, NULL, NULL),
(413, NULL, NULL, NULL),
(414, NULL, NULL, NULL),
(415, NULL, NULL, NULL),
(416, NULL, NULL, NULL),
(417, NULL, NULL, NULL),
(418, NULL, NULL, NULL),
(419, 6, 0, NULL),
(420, NULL, NULL, NULL),
(421, 6, 5, NULL),
(422, NULL, NULL, NULL),
(423, NULL, NULL, NULL),
(424, NULL, NULL, NULL),
(425, NULL, NULL, NULL),
(426, NULL, NULL, NULL),
(427, NULL, NULL, NULL),
(428, NULL, NULL, NULL),
(429, NULL, NULL, NULL),
(430, NULL, NULL, NULL),
(431, NULL, NULL, NULL),
(432, NULL, NULL, NULL),
(433, NULL, NULL, NULL),
(434, NULL, NULL, NULL),
(435, NULL, NULL, NULL),
(436, NULL, NULL, NULL),
(437, 2, 3, NULL),
(438, NULL, NULL, NULL),
(439, 3, 2, NULL),
(440, NULL, NULL, NULL),
(441, 4, 6, NULL),
(442, NULL, NULL, NULL),
(443, NULL, NULL, NULL),
(444, NULL, NULL, NULL),
(445, NULL, NULL, NULL),
(446, NULL, NULL, NULL),
(447, NULL, NULL, NULL),
(448, NULL, NULL, NULL),
(449, NULL, NULL, NULL),
(450, NULL, NULL, NULL),
(451, NULL, NULL, NULL),
(452, NULL, NULL, NULL),
(453, NULL, NULL, NULL),
(454, NULL, NULL, NULL);

-- --------------------------------------------------------

--
-- Table structure for table `SEASON`
--

CREATE TABLE IF NOT EXISTS `SEASON` (
  `ID` int(11) NOT NULL AUTO_INCREMENT,
  `NAME` varchar(255) NOT NULL,
  PRIMARY KEY (`ID`)
) ENGINE=InnoDB  DEFAULT CHARSET=latin1 AUTO_INCREMENT=9 ;

--
-- Dumping data for table `SEASON`
--

INSERT INTO `SEASON` (`ID`, `NAME`) VALUES
(8, '2012/2013');

-- --------------------------------------------------------

--
-- Table structure for table `TOURNAMENT`
--

CREATE TABLE IF NOT EXISTS `TOURNAMENT` (
  `ID` int(11) NOT NULL AUTO_INCREMENT,
  `NAME` varchar(255) NOT NULL,
  `SEASON_ID` int(11) NOT NULL,
  `promotingAGroup` int(11) NOT NULL DEFAULT '0',
  `promotingLowerGroup` int(11) NOT NULL DEFAULT '0',
  `winPoints` int(11) NOT NULL DEFAULT '2',
  `playOffA` int(11) NOT NULL,
  `playOffLower` int(11) NOT NULL,
  PRIMARY KEY (`ID`),
  KEY `SEASON_ID` (`SEASON_ID`)
) ENGINE=InnoDB  DEFAULT CHARSET=latin1 AUTO_INCREMENT=38 ;

--
-- Dumping data for table `TOURNAMENT`
--

INSERT INTO `TOURNAMENT` (`ID`, `NAME`, `SEASON_ID`, `promotingAGroup`, `promotingLowerGroup`, `winPoints`, `playOffA`, `playOffLower`) VALUES
(37, 'Kosicka liga 1.kolo 2011', 8, 8, 0, 2, 8, 0);

-- --------------------------------------------------------

--
-- Table structure for table `TOURNAMENT_TABLE`
--

CREATE TABLE IF NOT EXISTS `TOURNAMENT_TABLE` (
  `ID` int(11) NOT NULL AUTO_INCREMENT,
  `NAME` varchar(255) NOT NULL,
  `NUMBER_OF_HOCKEY` int(11) DEFAULT NULL,
  `TABLE_TYPE` char(1) NOT NULL,
  `INDEX_OF_FIRST_HOCKEY` int(11) DEFAULT NULL,
  `TOURNAMENT_ID` int(11) NOT NULL,
  PRIMARY KEY (`ID`),
  UNIQUE KEY `NAME` (`NAME`,`TOURNAMENT_ID`),
  KEY `TOURNAMENT_ID` (`TOURNAMENT_ID`)
) ENGINE=InnoDB  DEFAULT CHARSET=latin1 AUTO_INCREMENT=174 ;

--
-- Dumping data for table `TOURNAMENT_TABLE`
--

INSERT INTO `TOURNAMENT_TABLE` (`ID`, `NAME`, `NUMBER_OF_HOCKEY`, `TABLE_TYPE`, `INDEX_OF_FIRST_HOCKEY`, `TOURNAMENT_ID`) VALUES
(170, '1', 4, 'B', 1, 37),
(171, 'A', 1, 'F', 1, 37),
(173, 'PA', 1, 'P', 1, 37);

--
-- Constraints for dumped tables
--

--
-- Constraints for table `GAME`
--
ALTER TABLE `GAME`
  ADD CONSTRAINT `GAME_ibfk_7` FOREIGN KEY (`RESULT_ID`) REFERENCES `RESULT` (`ID`) ON DELETE CASCADE ON UPDATE CASCADE,
  ADD CONSTRAINT `GAME_ibfk_5` FOREIGN KEY (`PLAYER_RESULT_ID`) REFERENCES `PLAYER_RESULT` (`ID`) ON DELETE CASCADE ON UPDATE CASCADE,
  ADD CONSTRAINT `GAME_ibfk_6` FOREIGN KEY (`OPPONENT_ID`) REFERENCES `PLAYER_RESULT` (`ID`) ON DELETE CASCADE ON UPDATE CASCADE;

--
-- Constraints for table `PLAYER_RESULT`
--
ALTER TABLE `PLAYER_RESULT`
  ADD CONSTRAINT `PLAYER_RESULT_ibfk_4` FOREIGN KEY (`PLAYER_ID`) REFERENCES `PLAYER` (`ID`) ON DELETE CASCADE ON UPDATE CASCADE,
  ADD CONSTRAINT `PLAYER_RESULT_ibfk_3` FOREIGN KEY (`TOURNAMENT_TABLE_ID`) REFERENCES `TOURNAMENT_TABLE` (`ID`) ON DELETE CASCADE ON UPDATE CASCADE;

--
-- Constraints for table `TOURNAMENT`
--
ALTER TABLE `TOURNAMENT`
  ADD CONSTRAINT `TOURNAMENT_ibfk_2` FOREIGN KEY (`SEASON_ID`) REFERENCES `SEASON` (`ID`) ON DELETE CASCADE ON UPDATE CASCADE;

--
-- Constraints for table `TOURNAMENT_TABLE`
--
ALTER TABLE `TOURNAMENT_TABLE`
  ADD CONSTRAINT `TOURNAMENT_TABLE_ibfk_2` FOREIGN KEY (`TOURNAMENT_ID`) REFERENCES `TOURNAMENT` (`ID`) ON DELETE CASCADE ON UPDATE CASCADE;

/*!40101 SET CHARACTER_SET_CLIENT=@OLD_CHARACTER_SET_CLIENT */;
/*!40101 SET CHARACTER_SET_RESULTS=@OLD_CHARACTER_SET_RESULTS */;
/*!40101 SET COLLATION_CONNECTION=@OLD_COLLATION_CONNECTION */;
